state,district,total_population,working_age_population,literacy_rate,urbanization_rate,ev_manufacturers_count,manufacturer_presence,market_maturity_score,tier_classification,geographic_priority
ANDAMAN AND NICOBAR ISLANDS,South Andaman,238142,204734,79.89602842001831,59.19538886030959,0,[],47.64696407012933,Tier-3,Medium
ANDHRA PRADESH,Hyderabad,3943323,3317373,73.34309160066269,100.0,3,"['Etrio Automobiles', 'Olectra Greentech', 'Gayam Motor Works']",63.802927480198804,Tier-2,Medium
ANDHRA PRADESH,Rangareddy,5296741,4422852,66.79631871749062,72.32486316083421,0,[],48.96884087958087,Tier-1,Medium
ARUNACHAL PRADESH,Papum Pare,176573,164404,68.55408244748631,59.77658057360165,0,[],44.47685696368656,Rural,Medium
ASSAM,Kamrup Metropolitan,1253938,1060953,79.84374028061994,85.67605186458411,0,[],58.223542830019625,Tier-2,Medium
CHANDIGARH,Chandigarh,1055450,906159,76.31228385996495,97.01340965991547,0,[],61.69904902195567,Tier-2,Medium
DADRA AND NAGAR HAVELI,Dadra AND Nagar Haveli,343709,312991,64.94738281511395,55.672301738323085,0,[],41.75313553986342,Tier-3,Medium
DAMAN AND DIU,Diu,52074,44407,73.08445673464685,48.07427055702917,0,[],41.15504524320572,Rural,Medium
DAMAN AND DIU,Daman,191173,175457,78.64499693994445,85.9227057218025,0,[],57.96258137070434,Rural,Medium
GOA,North Goa,818008,641459,81.05788696443066,64.36083657090828,0,[],50.06170071769251,Tier-3,Medium
GOA,South Goa,640537,509352,78.43840402662141,64.76243871598813,0,[],49.436496694381674,Tier-3,Medium
GUJARAT,Gandhinagar,1391753,1161191,74.04287973512541,45.15415756893121,0,[],40.27452694811011,Tier-2,Medium
GUJARAT,Ahmadabad,7214225,5996753,75.34780243200066,83.93629079503236,1,['Electrotherm India'],56.77885704761315,Tier-1,Medium
GUJARAT,Rajkot,3804558,3133439,71.62608639426709,61.09469384575523,1,['Atul Auto'],46.52570345658222,Tier-2,Medium
GUJARAT,Vadodara,4165626,3403515,69.45126614823319,55.86561057701998,0,[],43.18162407527795,Tier-2,Medium
GUJARAT,Surat,6081322,5304189,75.17131965714033,80.53307703077841,0,[],54.764626709453466,Tier-1,Medium
HARYANA,Panchkula,561293,466154,72.2114831291322,56.91609288305754,0,[],44.42988209196268,Tier-3,Medium
HARYANA,Gurgaon,1514432,1303632,73.3684972319655,72.94148648726062,1,['Revolt Motors'],51.7871437644939,Tier-2,Medium
HARYANA,Faridabad,1809733,1576920,70.32744609287668,81.36742294675162,2,"['JBM Auto', 'Omega Seiki Mobility']",54.84520300656366,Tier-2,Medium
JAMMU AND KASHMIR,Srinagar,1236829,1044799,60.52445406761969,98.2771441318797,0,[],57.468193873037784,Tier-2,Medium
JAMMU AND KASHMIR,Jammu,1529958,1252722,74.32458930245144,49.3510860330794,0,[],42.037811203967195,Tier-2,Medium
JHARKHAND,Dhanbad,2684487,2283711,64.15393332133849,61.04236705062638,0,[],43.663126816652095,Tier-2,Medium
JHARKHAND,Purbi Singhbhum,2293919,1924909,65.72590400968822,56.581269235921496,0,[],42.35027889727506,Tier-2,Medium
KARNATAKA,Dharwad,1847023,1523623,70.47362160622797,58.66169603232431,0,[],44.60676489479812,Tier-2,Medium
KARNATAKA,Bangalore,9621551,8185241,78.07759892349996,90.8023354019021,0,[],59.74421383781083,Tier-1,Medium
KARNATAKA,Dakshina Kannada,2089649,1680867,79.74176524382803,48.80469081581813,0,[],43.444405899475655,Tier-2,Medium
KERALA,Kannur,2523003,1929161,84.75748938863728,64.8945132203755,0,[],51.38505210474138,Tier-2,Medium
KERALA,Kozhikode,3086293,2397225,84.74383345975252,67.3047329391237,0,[],52.34504321357524,Tier-2,Medium
KERALA,Malappuram,4112920,3447366,80.51007556675063,45.16229391882841,0,[],42.21794023755655,Tier-2,Medium
KERALA,Thrissur,3121200,2326055,85.81789055491478,67.98568640331905,0,[],52.939641727802055,Tier-2,Medium
KERALA,Ernakulam,3282388,2421688,86.99995247362591,68.5284044910534,0,[],53.51134753850913,Tier-2,Medium
KERALA,Alappuzha,2127789,1540034,87.07616215705599,54.194539041595725,0,[],47.80066426375509,Tier-2,Medium
KERALA,Kollam,2635375,1972604,85.00775032016317,43.39011814555792,0,[],42.85837235427212,Tier-2,Medium
KERALA,Thiruvananthapuram,3301427,2477679,84.36981947503307,52.16107540990337,0,[],46.17537600647127,Tier-2,Medium
LAKSHADWEEP,Lakshadweep,64473,53121,81.51164053169543,75.10121457489879,0,[],54.49397798946815,Rural,Medium
MADHYA PRADESH,Gwalior,2032036,1738047,66.79064740978998,61.177094665671675,0,[],44.50803208920566,Tier-2,Medium
MADHYA PRADESH,Indore,3276697,2771734,70.47127030665331,74.58246545175932,0,[],50.97436727269972,Tier-2,Medium
MADHYA PRADESH,Bhopal,2371061,2031408,70.03995257819179,83.0327135413768,0,[],54.22507119000825,Tier-2,Medium
MADHYA PRADESH,Jabalpur,2463289,2066554,71.30580293258323,56.41789420274313,0,[],43.95889856087222,Tier-2,Medium
MAHARASHTRA,Nagpur,4653570,3822641,78.94601349071789,67.07007060715426,0,[],50.511832290077066,Tier-1,Medium
MAHARASHTRA,Thane,11060148,9426407,74.38563209099914,80.26632940416252,0,[],54.42222138896475,Tier-1,Medium
MAHARASHTRA,Mumbai Suburban,9356962,7748361,80.96094651234023,100.0,0,[],64.28828395370206,Tier-1,Medium
MAHARASHTRA,Mumbai,3085411,2486591,81.31889074097421,100.0,3,"['Greaves Cotton', 'JSW Energy', 'Tata Power']",66.19566722229226,Tier-2,Medium
MAHARASHTRA,Pune,9429408,7808899,76.05698045943076,63.82518059977216,7,"['Tata Motors', 'Bajaj Auto', 'Kinetic Green Energy', 'Minda Industries', 'Force Motors', 'Bharat Forge', 'Tata AutoComp Systems']",51.34716637773809,Tier-1,Medium
MANIPUR,Imphal West,517992,427086,75.79769571730837,62.67936637890074,0,[],47.8110552667528,Tier-3,Medium
MEGHALAYA,East Khasi Hills,825922,738389,69.98602773627533,50.60323305019736,0,[],41.23710154096155,Tier-3,Medium
MIZORAM,Kolasib,83955,72723,78.48847596926926,56.398809523809526,0,[],46.10606660030459,Rural,Medium
MIZORAM,Aizawl,400309,343986,85.08302336445097,79.61570096421599,0,[],57.37118739502169,Tier-3,Medium
MIZORAM,Champhai,125745,108468,80.16382361127678,40.8749035741836,0,[],40.399108513056476,Rural,Medium
MIZORAM,Serchhip,64937,55462,83.89054006190617,51.76242737249839,0,[],45.872132967571204,Rural,Medium
MIZORAM,Lunglei,161428,139940,75.03159303218773,44.633190699592724,0,[],40.36275418949341,Rural,Medium
MIZORAM,Saiha,56574,49911,74.650899706579,45.09238325407344,0,[],40.43222321360308,Rural,Medium
NAGALAND,Dimapur,378811,341993,73.39728782955089,56.13428716876992,0,[],44.47290121637323,Tier-3,Medium
NAGALAND,Kohima,267988,242186,73.69322506977925,58.153745072273324,0,[],45.3694655498431,Tier-3,Medium
NCT OF DELHI,North West,3656539,3152015,74.05513793234532,93.41764804984481,0,[],59.58360059964153,Tier-2,Medium
NCT OF DELHI,North,887978,763102,76.7493113568129,98.50135017985791,0,[],62.42533347898704,Tier-3,Medium
NCT OF DELHI,North East,2241624,1974094,71.89376987398421,98.90766867453817,0,[],61.131198432010535,Tier-2,Medium
NCT OF DELHI,East,1709346,1446120,79.15296259505097,99.76504593070801,0,[],63.65190715079849,Tier-2,Medium
NCT OF DELHI,New Delhi,142004,119989,80.40548153573138,100.0,3,"['Hero Electric', 'Dilli Electric Auto Pvt Ltd', 'Euler Motors']",65.9216444607194,Rural,Medium
NCT OF DELHI,Central,582320,487183,75.96510509685397,100.0,0,[],62.78953152905619,Tier-3,Medium
NCT OF DELHI,West,2543243,2131680,77.11331555812795,99.74212843116013,0,[],63.03084603990244,Tier-2,Medium
NCT OF DELHI,South West,2292958,1980164,77.9643150899406,93.64209596684793,0,[],60.84613291372135,Tier-2,Medium
NCT OF DELHI,South,2731929,2373086,76.07818504800088,99.6008551930545,0,[],62.66379759162207,Tier-2,Medium
ORISSA,Khordha,2251673,1852867,77.7171463174271,51.81936581732438,0,[],44.04289022215788,Tier-2,Medium
PONDICHERRY,Yanam,55626,47208,70.60367454068242,100.0,0,[],61.181102362204726,Rural,Medium
PONDICHERRY,PONDICHERRY,950289,773451,76.46610662651047,70.0051883437501,0,[],50.94190732545319,Tier-3,Medium
PONDICHERRY,Karaikal,200222,162422,77.3721169501853,48.62763763287323,0,[],42.66269013820488,Tier-3,Medium
PUNJAB,Jalandhar,2193590,1775587,73.96719532820627,53.3505147359948,0,[],43.5303644928598,Tier-2,Medium
PUNJAB,Ludhiana,3498739,2881574,73.17564985556224,61.89969146072466,0,[],46.712571540958535,Tier-2,Medium
PUNJAB,Amritsar,2490656,2052180,67.6436248120977,58.32124220632935,0,[],43.62158432616105,Tier-2,Medium
PUNJAB,Sahibzada Ajit Singh Nagar,994628,822334,74.05532520701207,59.739475174627145,0,[],46.11238763195448,Tier-3,Medium
RAJASTHAN,Jaipur,6626178,5737628,64.90868491610095,56.43503499494136,1,['HOP Electric Mobility'],42.64661947280683,Tier-2,Medium
RAJASTHAN,Kota,1951014,1673370,66.5471903328218,60.508861796350466,0,[],44.167701818386725,Tier-2,Medium
SIKKIM,East District,283583,245874,75.57893103606351,50.539336239012385,0,[],42.889413806424,Tier-3,Medium
TAMIL NADU,Thiruvallur,3728104,3080071,74.88313094269903,65.40775553338163,1,['CitroÃ«n India'],49.22804149616236,Tier-2,Medium
TAMIL NADU,Chennai,4646732,3740559,81.267350903818,100.0,5,"['Ashok Leyland', 'Hyundai Motor India', 'Renault India', 'TVS Electronics', 'Royal Enfield']",67.3802052711454,Tier-1,Medium
TAMIL NADU,Kancheepuram,3998252,3276776,75.36748559120335,63.84033344760297,0,[],48.146379056402196,Tier-2,Medium
TAMIL NADU,Salem,3482056,2766824,65.63828956225862,51.05634885914665,0,[],40.114026412336244,Tier-2,Medium
TAMIL NADU,Erode,2251744,1707869,66.28915187516876,51.25117935151076,0,[],40.38721730315493,Tier-2,Medium
TAMIL NADU,The Nilgiris,735394,583967,77.46146963396492,57.54491584786354,0,[],46.2564072293349,Tier-3,Medium
TAMIL NADU,Tiruchirappalli,2722290,2143919,74.89947801299641,48.30500829596438,0,[],41.791846722284674,Tier-2,Medium
TAMIL NADU,Madurai,3038252,2441893,74.82690705050142,58.65983268691591,0,[],45.91200518991679,Tier-2,Medium
TAMIL NADU,Theni,1245899,992487,69.83551636208072,53.892499933028596,0,[],42.507654881835656,Tier-2,Medium
TAMIL NADU,Virudhunagar,1942288,1562544,72.01753807880192,50.48725780020797,0,[],41.80016454372377,Tier-2,Medium
TAMIL NADU,Thoothukkudi,1750176,1387094,77.11778701113488,47.21887618003609,0,[],42.0228865753549,Tier-2,Medium
TAMIL NADU,Tirunelveli,3077233,2430406,73.87991094596997,48.53207622665115,0,[],41.57680377445145,Tier-2,Medium
TAMIL NADU,Kanniyakumari,1870374,1443600,82.8036531731087,82.56758315901418,0,[],57.86812921553828,Tier-2,Medium
TAMIL NADU,Coimbatore,3458045,2696738,76.22535276435094,75.65338635881794,2,"['Ampere Vehicles', 'Greaves Electric Mobility']",54.32896037283246,Tier-2,Medium
TAMIL NADU,Tiruppur,2479052,1972626,71.0177116091151,60.12036991511977,0,[],45.35346144878244,Tier-2,Medium
TRIPURA,West Tripura,1725739,1440143,78.88527755355823,42.834613342491764,0,[],40.79942860306417,Tier-2,Medium
UTTAR PRADESH,Ghaziabad,4681645,4030940,66.71296093573946,70.17704617599895,0,[],48.084706751121416,Tier-1,Medium
UTTAR PRADESH,Gautam Buddha Nagar,1648115,1418615,68.13523328165813,66.48782784392961,0,[],47.035701122069284,Tier-2,Medium
UTTAR PRADESH,Lucknow,4589838,3839975,68.13443088841044,67.58517538976812,0,[],47.47439942243038,Tier-1,Medium
UTTAR PRADESH,Kanpur Nagar,4581268,3839965,70.78874233072591,65.24312352646996,0,[],47.33387210980575,Tier-1,Medium
UTTARAKHAND,Dehradun,1696694,1414563,74.23294948882946,54.13433057764882,0,[],43.92361707770837,Tier-2,Medium
WEST BENGAL,North Twenty Four Parganas,10009781,8073872,76.0125820934544,57.7027707632365,0,[],45.88488293333092,Tier-2,Medium
WEST BENGAL,Haora,4850029,4010468,74.33369986035136,64.26516803097812,0,[],48.006177170496656,Tier-1,Medium
WEST BENGAL,Kolkata,4496694,3458703,79.79500050481532,100.0,2,"['Exide Industries', 'Jezza Motors']",65.1385001514446,Tier-1,Medium
ANDAMAN AND NICOBAR ISLANDS,North  AND Middle Andaman,105597,88091,74.51253350000474,2.722408859027,0,[],23.442723593612218,Rural,Low
ANDHRA PRADESH,Adilabad,2741239,2240929,54.112282803506005,26.93460060607988,0,[],27.007525083483753,Tier-3,Low
ANDHRA PRADESH,Nizamabad,2551335,2076174,54.47383428675576,21.537335935959838,0,[],24.95708466041066,Tier-3,Low
ANDHRA PRADESH,Karimnagar,3776269,2971969,58.43940143035361,24.718865851984074,0,[],27.419366769899714,Tier-3,Low
ANDHRA PRADESH,Medak,3033288,2515507,53.972356070376435,24.771394392826547,0,[],26.10026457824355,Tier-3,Low
ANDHRA PRADESH,Mahbubnagar,4053028,3388399,47.881386459703705,15.945505759815449,0,[],20.74261824183729,Rural,Low
ANDHRA PRADESH,Nalgonda,3488809,2829486,57.35536109887357,19.15083074911464,0,[],24.866940629307926,Rural,Low
ANDHRA PRADESH,Warangal,3512576,2833406,58.78941836418628,27.531287398983938,0,[],28.64934046884946,Tier-3,Low
ANDHRA PRADESH,Khammam,2797370,2305185,58.27738196949277,23.128557071069633,0,[],26.734637419275685,Tier-3,Low
ANDHRA PRADESH,Srikakulam,2703114,2170504,55.32067829917643,16.58666099313414,0,[],23.230867887006582,Rural,Low
ANDHRA PRADESH,Vizianagaram,2344474,1872760,52.82157106455435,20.954378437227323,0,[],24.228222694257234,Tier-3,Low
ANDHRA PRADESH,Visakhapatnam,4290589,3520180,59.857725827386396,47.884712978670954,0,[],37.111202939684304,Tier-2,Low
ANDHRA PRADESH,East Godavari,5154296,4203282,63.80264152466215,25.305245039826485,0,[],29.262890473329236,Tier-3,Low
ANDHRA PRADESH,West Godavari,3936966,3179277,67.37139716218022,19.78077902053793,0,[],28.123730756869236,Rural,Low
ANDHRA PRADESH,Krishna,4517398,3625573,66.62503503122815,38.40878825523222,0,[],35.351025811461334,Tier-3,Low
ANDHRA PRADESH,Guntur,4887813,3955273,60.56780404651324,32.41416559801388,0,[],31.136007453159525,Tier-3,Low
ANDHRA PRADESH,Prakasam,3397448,2750086,56.054868242280676,19.684987242259155,0,[],24.690455369587866,Rural,Low
ANDHRA PRADESH,Sri Potti Sriramulu Nellore,2963557,2415161,61.82398381404508,27.726522868592244,0,[],29.63780429165042,Tier-3,Low
ANDHRA PRADESH,Y.S.R.,2882469,2347250,59.55887123157265,33.198317371588736,0,[],31.14698831810729,Tier-3,Low
ANDHRA PRADESH,Kurnool,4053463,3422302,52.47762222080231,28.141927972608137,0,[],27.00005785528395,Tier-3,Low
ANDHRA PRADESH,Anantapur,4081148,3293961,56.62524368143473,27.436782200336218,1,['Kia Motors India'],28.56228598456491,Tier-3,Low
ANDHRA PRADESH,Chittoor,4174064,3307232,63.915598802509976,30.363456479557012,0,[],31.320062232575797,Tier-3,Low
ARUNACHAL PRADESH,West Kameng,83947,75388,57.76501840446948,26.06323620582765,0,[],27.754800003671903,Rural,Low
ARUNACHAL PRADESH,East Kameng,78690,71674,48.861354682933026,26.447915610102445,0,[],25.237572648920885,Rural,Low
ARUNACHAL PRADESH,Upper Subansiri,83448,76109,54.25893969897421,24.31560320599563,0,[],26.003923192090515,Rural,Low
ARUNACHAL PRADESH,West Siang,112274,98720,57.66784829969539,27.629569455727047,0,[],28.352182272199435,Rural,Low
ARUNACHAL PRADESH,East Siang,99214,87327,63.07174390710988,32.81761483063988,0,[],32.04856910438892,Rural,Low
ARUNACHAL PRADESH,Changlang,148226,131648,49.3665079000985,16.27755511022044,0,[],21.320974414117725,Rural,Low
ARUNACHAL PRADESH,Tirap,111975,97454,42.843491850859564,26.08346709470305,0,[],23.28643439313909,Rural,Low
ARUNACHAL PRADESH,Lower Subansiri,83030,75563,65.1053835962905,22.852153171188824,0,[],28.672476347362675,Rural,Low
ARUNACHAL PRADESH,Kurung Kumey,92076,85092,39.756288283591815,5.544554455445545,0,[],14.144708267255762,Rural,Low
ARUNACHAL PRADESH,Lower Dibang Valley,54080,48394,58.89238165680474,24.76489028213166,0,[],27.573670609894084,Rural,Low
ARUNACHAL PRADESH,Lohit,145726,130383,56.998751080795465,25.287407440350446,0,[],27.214588300378814,Rural,Low
ASSAM,Kokrajhar,887142,777386,55.15520626912039,7.709077478142976,0,[],19.63019287199331,Rural,Low
ASSAM,Dhubri,1949258,1725967,47.31754339343483,11.595930282772796,0,[],18.833635131139566,Rural,Low
ASSAM,Goalpara,1008183,890340,55.90026810608788,14.734031046495147,0,[],22.66369285042442,Rural,Low
ASSAM,Barpeta,1693622,1477358,52.9668367557814,10.451338757381638,0,[],20.070586529687073,Rural,Low
ASSAM,Morigaon,957423,837961,56.39116670478984,9.816258287019236,0,[],20.84385332624465,Rural,Low
ASSAM,Nagaon,2823768,2456311,60.582739091880065,15.539080438196413,0,[],24.390453902842584,Rural,Low
ASSAM,Sonitpur,1924110,1661230,57.614793333021495,11.778342000500135,0,[],21.995774800106503,Rural,Low
ASSAM,Lakhimpur,1042137,908257,65.58504304136596,10.579600101240192,0,[],23.907352952905867,Rural,Low
ASSAM,Dhemaji,686133,603851,61.65393589872517,7.230288002383227,0,[],21.388295970570844,Rural,Low
ASSAM,Tinsukia,1327929,1152032,60.11782256430879,23.822501270917734,0,[],27.56434727765973,Tier-3,Low
ASSAM,Dibrugarh,1326335,1139011,66.68986342062902,20.466824927390157,0,[],28.19368899714477,Tier-3,Low
ASSAM,Sivasagar,1151050,979003,70.67503583684463,11.11643046277537,0,[],25.649082936163538,Rural,Low
ASSAM,Jorhat,1092256,920458,72.7786343128351,22.01365094755879,0,[],30.639050672874042,Tier-3,Low
ASSAM,Golaghat,1066888,918238,67.6513373475004,10.453004283316467,0,[],24.476602917576706,Rural,Low
ASSAM,Karbi Anglong,956313,852372,58.26690633715113,14.704835571584493,0,[],23.362006129779132,Rural,Low
ASSAM,Dima Hasao,214102,189162,65.79714341762337,36.166601605594124,0,[],34.205783667524656,Tier-3,Low
ASSAM,Cachar,1736617,1493889,67.61007176596797,20.436850813493887,0,[],28.457761855187947,Tier-3,Low
ASSAM,Karimganj,1228686,1064218,64.72744053403392,11.096592451805593,0,[],23.85686914093241,Rural,Low
ASSAM,Hailakandi,659296,576164,61.78802844245984,9.23627698569694,0,[],22.23091932701673,Rural,Low
ASSAM,Bongaigaon,738804,643645,58.75414859692151,17.455182333377195,0,[],24.60831751242733,Rural,Low
ASSAM,Chirang,482162,423762,53.90345983300219,8.257781001343943,0,[],19.474150350438233,Rural,Low
ASSAM,Kamrup,1517542,1304007,65.58757517090137,10.093107297816754,0,[],23.713515470397112,Rural,Low
ASSAM,Nalbari,771639,653381,68.91447943921963,11.817831793223517,0,[],25.401476549055296,Rural,Low
ASSAM,Baksa,950075,819371,60.293871536457644,1.2126508615579517,0,[],18.573221805560475,Rural,Low
ASSAM,Darrang,928500,809961,52.4543887991384,6.9929270607469185,0,[],18.533487464040284,Rural,Low
ASSAM,Udalguri,831668,720732,56.50403766887748,4.912561029738127,0,[],18.916235712558493,Rural,Low
BIHAR,Pashchim Champaran,3935042,3432410,44.713144103671574,10.321171968970253,0,[],17.542412018689575,Rural,Low
BIHAR,Purba Champaran,5099371,4438762,44.65172273207813,8.165537756517196,0,[],16.661731922230317,Rural,Low
BIHAR,Sheohar,656246,561150,43.23043492836528,4.527710843373494,0,[],14.78021481585898,Rural,Low
BIHAR,Sitamarhi,3423574,2946322,41.96766303284229,5.796042774258895,0,[],14.908716019556245,Rural,Low
BIHAR,Madhubani,4487379,3869879,48.03111125670464,3.787153765753785,0,[],15.924194883312905,Rural,Low
BIHAR,Supaul,2229076,1948458,46.35476762568885,4.635045375619478,0,[],15.760448437954446,Rural,Low
BIHAR,Araria,2811569,2484955,42.530274021373835,6.286738881289512,0,[],15.273777758927956,Rural,Low
BIHAR,Kishanganj,1690400,1500729,44.07572172266919,9.73986296753903,0,[],17.118661703816368,Rural,Low
BIHAR,Purnia,3264619,2852068,40.81107167482637,10.737469258548753,0,[],16.538309205867414,Rural,Low
BIHAR,Katihar,3071029,2714605,41.68602771253544,9.462246128416004,0,[],16.290706765127034,Rural,Low
BIHAR,Madhepura,2001762,1756006,41.692119242946966,4.703318583203665,0,[],14.388963206165556,Rural,Low
BIHAR,Saharsa,1900661,1665555,42.35347597493714,8.082906838157031,0,[],15.939205527743955,Rural,Low
BIHAR,Darbhanga,3937385,3401315,46.138084032930486,9.528050399266789,0,[],17.652645369585862,Rural,Low
BIHAR,Muzaffarpur,4801062,4095924,52.264103233826184,10.782619881828918,0,[],19.99227892287942,Rural,Low
BIHAR,Gopalganj,2562012,2189009,53.98093373489273,6.88249244663916,0,[],18.947277099123482,Rural,Low
BIHAR,Siwan,3330464,2829045,57.95513778260326,6.206959956819085,0,[],19.86932531750861,Rural,Low
BIHAR,Saran,3951862,3363146,54.59335371528662,9.81183659927317,0,[],20.302740754295254,Rural,Low
BIHAR,Vaishali,3495021,2935833,55.12813799974307,6.858450395638849,0,[],19.28182155817846,Rural,Low
BIHAR,Samastipur,4261566,3680269,50.28386278659066,4.1161799018424645,0,[],16.73163079671418,Rural,Low
BIHAR,Begusarai,2970541,2596562,52.13437552284247,18.980814448798775,0,[],23.23263843637225,Rural,Low
BIHAR,Khagaria,1666886,1470176,46.07561644887533,5.32222962581992,0,[],15.951576784990568,Rural,Low
BIHAR,Bhagalpur,3037766,2627539,51.78364627163514,20.0002755828961,0,[],23.535204114648984,Tier-3,Low
BIHAR,Banka,2034763,1753315,47.44144649770023,4.163964548205793,0,[],15.898019768592384,Rural,Low
BIHAR,Munger,1367765,1176860,58.62242417374329,27.845603009773974,0,[],28.724968456032578,Tier-3,Low
BIHAR,Lakhisarai,1000912,869482,50.68077912943396,15.296780562980086,0,[],21.32294596402222,Rural,Low
BIHAR,Sheikhpura,636342,550373,51.65084184290837,18.354468553506535,0,[],22.837039974275125,Rural,Low
BIHAR,Nalanda,2877653,2471325,52.818494794195125,16.625288042253224,0,[],22.495663655159827,Rural,Low
BIHAR,Patna,5838465,5009218,59.25665393215511,45.62480270127775,0,[],36.02691726015763,Tier-2,Low
BIHAR,Bhojpur,2728407,2335459,58.61116028510409,15.113092296362568,0,[],23.628585004076257,Rural,Low
BIHAR,Buxar,1706352,1450126,58.00719898356259,10.579488849777533,0,[],21.633955234979787,Rural,Low
BIHAR,Kaimur (Bhabua),1626384,1392715,56.584176922547194,4.4938638593358045,0,[],18.77279862049848,Rural,Low
BIHAR,Rohtas,2959918,2548916,60.806819648382145,15.734934488480596,0,[],24.53601968990688,Rural,Low
BIHAR,Aurangabad,2540073,2191540,57.71495543632014,10.267401638811894,1,['Audi India'],22.021447286420802,Rural,Low
BIHAR,Gaya,4391418,3746656,52.32052608064184,13.77984102945747,0,[],21.20809423597554,Rural,Low
BIHAR,Nawada,2219146,1926409,49.163597167559054,10.667397863837278,0,[],19.016038295802627,Rural,Low
BIHAR,Jamui,1760405,1527971,48.77218594584769,8.647550173786298,0,[],18.090675853268827,Rural,Low
BIHAR,Jehanabad,1125313,968826,54.99634323961422,13.097322060411933,0,[],21.73783179604904,Rural,Low
BIHAR,Arwal,700843,600479,55.126611808921545,6.902573911597155,0,[],19.299013107315325,Rural,Low
CHHATTISGARH,Koriya,658917,564603,60.375282471085136,32.90642292762161,0,[],31.275153912374186,Tier-3,Low
CHHATTISGARH,Surguja,2359886,2003351,50.33891467638691,11.030988738292683,0,[],19.514069898233146,Rural,Low
CHHATTISGARH,Jashpur,851669,703420,58.16989933882765,9.153150287996043,1,['Lohia Auto Industries'],21.712229916846713,Rural,Low
CHHATTISGARH,Raigarh,1493984,1240215,63.6980717330306,15.831662374440505,0,[],25.442086469685382,Rural,Low
CHHATTISGARH,Korba,1206640,1039187,62.05322217065571,37.89384133015485,0,[],33.773503183258654,Tier-3,Low
CHHATTISGARH,Janjgir - Champa,1619707,1358286,62.951756089218605,13.882429277655392,0,[],24.438498537827737,Rural,Low
CHHATTISGARH,Bilaspur,2663629,2280516,59.939278330428145,25.5045364228537,0,[],28.183598068269923,Tier-3,Low
CHHATTISGARH,Kabeerdham,822526,714488,50.353058748294885,11.302260167914422,0,[],19.626821691654232,Rural,Low
CHHATTISGARH,Rajnandgaon,1537133,1303333,65.60128498965283,19.615924866455455,0,[],27.52675544347803,Rural,Low
CHHATTISGARH,Durg,3343872,2818073,68.88355774383709,39.59979121116771,0,[],36.50498380761821,Tier-3,Low
CHHATTISGARH,Raipur,4063872,3492454,64.71042887177549,36.967805334581186,0,[],34.20025079536512,Tier-3,Low
CHHATTISGARH,Mahasamund,1032754,854553,61.772987565286606,11.51893150270312,0,[],23.13946887066723,Rural,Low
CHHATTISGARH,Dhamtari,799781,674146,68.37284206551544,19.855473890754986,0,[],28.454042175956626,Rural,Low
CHHATTISGARH,Uttar Bastar Kanker,748941,635201,60.8915789094201,12.819151951110172,0,[],23.395134453270096,Rural,Low
CHHATTISGARH,Bastar,1413199,1222429,46.05600485140451,14.783514983073854,0,[],19.730207448650894,Rural,Low
CHHATTISGARH,Narayanpur,139820,125294,40.495637247890144,18.670494032331167,0,[],19.61688878729951,Rural,Low
CHHATTISGARH,Dakshin Bastar Dantewada,533638,475175,35.836465918843864,22.70890612191601,0,[],19.834502224419563,Tier-3,Low
CHHATTISGARH,Bijapur,255230,231150,34.05516592877013,13.601411176379921,0,[],15.657114249183008,Rural,Low
GUJARAT,Kachchh,2092371,1802656,59.851670664523645,33.9497480639816,0,[],31.535400424949735,Tier-3,Low
GUJARAT,Banas Kantha,3120506,2723113,54.63610709288814,17.088350242540074,0,[],23.226172224882472,Rural,Low
GUJARAT,Patan,1343734,1127738,62.3570587631183,25.400976894031245,0,[],28.86750838654799,Tier-3,Low
GUJARAT,Mahesana,2035064,1673883,73.83772697074883,27.849935505189144,0,[],33.29129229330031,Tier-3,Low
GUJARAT,Sabar Kantha,2428589,2024094,65.00622377849854,18.25739670309361,0,[],26.804825814787005,Rural,Low
GUJARAT,Surendranagar,1756268,1472787,62.269881362070024,31.92381911234164,0,[],31.45049205355766,Tier-3,Low
GUJARAT,Jamnagar,2160119,1796917,64.65079007221361,46.28739411286891,0,[],37.91019466681165,Tier-2,Low
GUJARAT,Porbandar,585449,478663,67.24377358232742,47.69627176257817,0,[],39.2516407797295,Tier-3,Low
GUJARAT,Junagadh,2743082,2277044,67.18056550988997,37.01430202782645,0,[],34.959890464097576,Tier-3,Low
GUJARAT,Amreli,1514190,1226235,65.74201388200952,27.147113533497595,0,[],30.58144957800189,Tier-3,Low
GUJARAT,Bhavnagar,2880365,2429179,65.52138357465113,47.95552073239732,0,[],38.838623365354266,Tier-2,Low
GUJARAT,Anand,2092745,1720055,74.12527565470232,33.587357935133696,0,[],35.67252587046417,Tier-3,Low
GUJARAT,Kheda,2299885,1888881,72.18808766525284,25.810335902357778,0,[],31.980560660518965,Tier-3,Low
GUJARAT,Panch Mahals,2390776,2021784,60.26516076788457,18.36466109115382,0,[],25.4254126668269,Rural,Low
GUJARAT,Dohad,2127086,1869731,47.349801559504414,14.025614601704097,0,[],19.815186308532965,Rural,Low
GUJARAT,Narmada,590297,494740,62.73723227460075,13.873005381339286,0,[],24.370371834915936,Rural,Low
GUJARAT,Bharuch,1551019,1286821,72.09943914291186,37.6183619781077,0,[],36.67717653411664,Tier-3,Low
GUJARAT,The Dangs,228291,197916,61.749258621671466,12.60693079271361,0,[],23.567549903586883,Rural,Low
GUJARAT,Navsari,1329672,1063363,75.35008633708162,34.563100626655846,0,[],36.430266151786824,Tier-3,Low
GUJARAT,Valsad,1705678,1430406,68.63294244282918,47.348567690829086,0,[],39.52930980918039,Tier-2,Low
GUJARAT,Tapi,807022,657066,60.7215168855372,11.999231082571663,0,[],23.016147498689826,Rural,Low
HARYANA,Ambala,1128350,925985,72.49745203172775,44.37377877026924,0,[],39.498747117626024,Tier-2,Low
HARYANA,Yamunanagar,1214205,1012521,68.55983956580644,40.04746689477612,0,[],36.58693862765239,Tier-2,Low
HARYANA,Kurukshetra,964655,802864,67.05951868802836,30.247309138136046,0,[],32.21677926166293,Tier-3,Low
HARYANA,Kaithal,1074304,896007,60.18119638389133,24.673796477686473,0,[],27.923877506241986,Tier-3,Low
HARYANA,Karnal,1505324,1265381,64.97026553751883,31.712404515144588,0,[],32.17604146731348,Tier-3,Low
HARYANA,Panipat,1205437,1037839,65.25426048810515,46.99088925959194,0,[],38.37263385026832,Tier-2,Low
HARYANA,Sonipat,1450001,1215417,68.84933182804701,31.999310070574033,0,[],33.454523576643716,Tier-3,Low
HARYANA,Jind,1334152,1119789,62.41852502563427,24.365489130434785,0,[],28.471753159864193,Tier-3,Low
HARYANA,Fatehabad,942011,792754,59.19017930788494,21.4258069510024,0,[],26.327376572766443,Tier-3,Low
HARYANA,Sirsa,1295189,1084572,60.446544867196984,27.543743653923354,0,[],29.151460921728436,Tier-3,Low
HARYANA,Hisar,1743931,1474366,63.89650737328484,33.78737454124518,0,[],32.68390202848352,Tier-3,Low
HARYANA,Bhiwani,1634445,1370720,65.45775477302693,21.74861160422721,2,"['Okinawa Autotech', 'Saera Electric Auto']",29.536771073598963,Tier-3,Low
HARYANA,Rohtak,1061204,875095,70.44658708410448,42.91983501769064,0,[],38.3019101323076,Tier-2,Low
HARYANA,Jhajjar,958405,795070,70.5433506711672,26.996250137862575,0,[],31.96150525649519,Tier-3,Low
HARYANA,Mahendragarh,922088,759392,68.35085154562255,16.502078808100258,0,[],27.106086986926865,Rural,Low
HARYANA,Rewari,900332,749451,70.74579155244955,25.787523162445954,0,[],31.538746730713246,Tier-3,Low
HARYANA,Mewat,1089263,977846,41.76190690402593,16.20363538802066,0,[],19.010026226416045,Rural,Low
HARYANA,Palwal,1042708,908232,57.522911495835835,25.32118045103729,0,[],27.385345629165666,Tier-3,Low
HIMACHAL PRADESH,Chamba,519080,437161,62.3876859058334,6.910018928138001,0,[],21.48031334300522,Rural,Low
HIMACHAL PRADESH,Kangra,1510075,1185753,76.32998361008559,6.217959345031626,0,[],25.386178821038328,Rural,Low
HIMACHAL PRADESH,Kullu,437903,365237,70.26030878984615,10.974330167881973,0,[],25.467824704106633,Rural,Low
HIMACHAL PRADESH,Mandi,999777,803606,72.39084315802424,6.848376816291254,0,[],24.456603673923773,Rural,Low
HIMACHAL PRADESH,Hamirpur,454768,347985,78.74146817718045,7.2070708026572285,0,[],26.505268774217026,Rural,Low
HIMACHAL PRADESH,Una,521173,415574,76.69526241766171,9.80717971707997,0,[],26.9314506121305,Rural,Low
HIMACHAL PRADESH,Bilaspur,381956,301038,75.3018672307805,7.28936726565113,0,[],25.5063070754946,Rural,Low
HIMACHAL PRADESH,Solan,580320,488701,73.85201268265784,21.08466778007008,0,[],30.589470916825384,Tier-3,Low
HIMACHAL PRADESH,Sirmaur,529855,447083,68.44230968849968,10.956722662836444,0,[],24.91538197168448,Rural,Low
HIMACHAL PRADESH,Shimla,814010,667677,75.26222036584316,25.561019817946768,0,[],32.803074036931655,Tier-3,Low
HIMACHAL PRADESH,Kinnaur,84121,68959,72.15677417054005,0.0,0,[],21.647032251162013,Rural,Low
JAMMU AND KASHMIR,Kupwara,870354,779194,50.51438839828391,12.78514180024661,0,[],20.268373239583816,Rural,Low
JAMMU AND KASHMIR,Badgam,753745,664156,44.53084265898944,14.475162240003407,0,[],19.149317693698194,Rural,Low
JAMMU AND KASHMIR,Leh(Ladakh),133487,112218,70.24654086165694,32.12486671324043,0,[],33.92390894379325,Rural,Low
JAMMU AND KASHMIR,Kargil,140802,123093,61.246289115211425,16.147391159853772,0,[],24.832843198504936,Rural,Low
JAMMU AND KASHMIR,Punch,476835,414797,54.88774943114495,10.35832519266254,0,[],20.6096549064085,Rural,Low
JAMMU AND KASHMIR,Rajouri,642415,558068,56.678159756543664,8.197473522553821,0,[],20.282437335984625,Rural,Low
JAMMU AND KASHMIR,Kathua,616435,517987,63.1378815284661,15.579924318235769,0,[],25.173334185834136,Rural,Low
JAMMU AND KASHMIR,Baramula,1008039,876183,54.080149676748626,18.858078812987763,0,[],23.767276428219695,Rural,Low
JAMMU AND KASHMIR,Bandipore,392232,342843,47.41556017866977,17.89938415106652,0,[],21.38442171402754,Rural,Low
JAMMU AND KASHMIR,Ganderbal,297446,261110,48.168743234066014,17.52902541825046,0,[],21.462233137519988,Rural,Low
JAMMU AND KASHMIR,Pulwama,560440,479633,52.451288273499394,12.825088788167093,0,[],20.865421997316655,Rural,Low
JAMMU AND KASHMIR,Shupiyan,266215,230838,51.27434592340777,6.517654040154287,0,[],17.989365393084046,Rural,Low
JAMMU AND KASHMIR,Anantnag,1078692,944133,50.57347231647217,25.443861550481937,0,[],25.349586315134427,Tier-3,Low
JAMMU AND KASHMIR,Kulgam,424483,366728,49.25638953739019,20.785932469247914,0,[],23.091289848916222,Tier-3,Low
JAMMU AND KASHMIR,Doda,409936,356765,53.443220405136415,8.494428104208298,0,[],19.430737363224242,Rural,Low
JAMMU AND KASHMIR,Ramban,283713,250130,43.72905013164712,5.959474236236638,0,[],15.502504733988792,Rural,Low
JAMMU AND KASHMIR,Kishtwar,230696,199346,46.60072129555779,7.646961248420972,0,[],17.039000888035726,Rural,Low
JAMMU AND KASHMIR,Udhampur,554985,479930,58.083371622656465,18.922338568935427,0,[],24.99394691437111,Rural,Low
JAMMU AND KASHMIR,Reasi,314667,274734,47.84168660838283,11.370359722904862,0,[],18.900649871676794,Rural,Low
JAMMU AND KASHMIR,Samba,318898,265523,71.53980269553274,17.497986624181518,0,[],28.46113545833243,Rural,Low
JHARKHAND,Garhwa,1322784,1144905,49.4015651837337,6.567323627299249,0,[],17.44739900603981,Rural,Low
JHARKHAND,Chatra,1042886,915542,48.908605542695945,6.741468756670471,0,[],17.369169165476972,Rural,Low
JHARKHAND,Kodarma,716259,620701,54.48434155801184,22.95342773211869,0,[],25.526673560251027,Tier-3,Low
JHARKHAND,Giridih,2445474,2131057,51.256934238515726,9.387526278906797,0,[],19.132090783117437,Rural,Low
JHARKHAND,Deoghar,1492073,1283374,53.18359088328788,19.99844580522831,0,[],23.95445558707769,Rural,Low
JHARKHAND,Godda,1313551,1129006,46.02173802159185,5.333698592610348,0,[],15.940000843521695,Rural,Low
JHARKHAND,Sahibganj,1150567,1006876,42.00216067382429,14.384676983673891,0,[],18.354518995616843,Rural,Low
JHARKHAND,Pakur,900422,794802,39.19062395188034,7.637619431334178,0,[],14.812234958097772,Rural,Low
JHARKHAND,Bokaro,2062330,1771613,61.75151406418953,50.79997798586378,0,[],38.84544541360237,Tier-2,Low
JHARKHAND,Lohardaga,461790,399184,56.239199636198265,13.20817337016971,0,[],22.155029238927362,Rural,Low
JHARKHAND,Palamu,1939869,1670240,52.81609222066026,12.840030987683376,0,[],20.98084006127143,Rural,Low
JHARKHAND,Latehar,726978,636804,48.23832358063105,8.807331447724186,0,[],17.99442965327899,Rural,Low
JHARKHAND,Hazaribagh,1734495,1503918,58.41752210297522,18.01319194861532,0,[],24.73053341033869,Rural,Low
JHARKHAND,Ramgarh,949443,825272,62.82599376687173,46.930430479960414,0,[],37.61997032204569,Tier-3,Low
JHARKHAND,Dumka,1321442,1123549,50.88448830898366,7.120050890273963,0,[],18.113366848804684,Rural,Low
JHARKHAND,Jamtara,791042,670784,53.89246083014555,10.832776784367796,0,[],20.500848962790784,Rural,Low
JHARKHAND,Ranchi,2914253,2468231,65.58912352496506,42.4418111526686,0,[],36.65346151855696,Tier-2,Low
JHARKHAND,Khunti,531885,452801,53.50310687460635,9.191049153029422,0,[],19.72735172359367,Rural,Low
JHARKHAND,Gumla,1025213,869450,54.5954840603855,7.0556990483709034,0,[],19.20092483746401,Rural,Low
JHARKHAND,Simdega,599578,501419,57.28745884605506,7.157254818621485,0,[],20.04913958126511,Rural,Low
JHARKHAND,Pashchimi Singhbhum,1502338,1314292,48.42858264917748,15.836172700112908,0,[],20.863043874798407,Rural,Low
JHARKHAND,Saraikela-Kharsawan,1065056,900867,57.5550018027221,23.955937792059142,0,[],26.848875657640285,Tier-3,Low
KARNATAKA,Belgaum,4779661,3920464,63.85457043920061,27.00566727951629,0,[],29.9586380435667,Tier-3,Low
KARNATAKA,Bagalkot,1889752,1589149,58.9184189248113,33.803247482457195,0,[],31.196824670426267,Tier-3,Low
KARNATAKA,Bijapur,2177331,1822359,57.330190035414915,24.84236667993706,0,[],27.136003682599302,Tier-3,Low
KARNATAKA,Bidar,1703300,1415315,61.21487700346386,26.263023140551052,0,[],28.869672357259578,Tier-3,Low
KARNATAKA,Raichur,1928812,1661843,50.79650064391967,27.50960846597989,0,[],26.24279357956786,Tier-3,Low
KARNATAKA,Koppal,1389920,1185823,58.210904224703576,19.156283596278975,0,[],25.125784705922662,Rural,Low
KARNATAKA,Gadag,1064570,880647,65.77087462543562,38.327647856643786,0,[],35.0623215302882,Tier-3,Low
KARNATAKA,Uttara Kannada,1437169,1154930,75.28036020815924,29.59422231208613,0,[],34.42179698728222,Tier-3,Low
KARNATAKA,Haveri,1597668,1330547,67.93920889696733,23.814451934887952,0,[],29.907543443045377,Tier-3,Low
KARNATAKA,Bellary,2452595,2104289,57.96395246667305,40.39840893051902,0,[],33.548549312209516,Tier-2,Low
KARNATAKA,Chitradurga,1659456,1351287,65.52701608237881,21.827302234502,0,[],28.389025718514443,Tier-3,Low
KARNATAKA,Davanagere,1945497,1607069,67.25993409396159,33.166381189807254,0,[],33.44453270411138,Tier-3,Low
KARNATAKA,Shimoga,1752753,1426447,72.058983781514,36.39411953669514,0,[],36.17534294913226,Tier-3,Low
KARNATAKA,Udupi,1177361,900468,78.68691081155228,29.98840132956571,0,[],35.601433775291966,Tier-3,Low
KARNATAKA,Chikmagalur,1137961,906374,71.91327295047897,20.58120511892688,0,[],29.806463932714443,Tier-3,Low
KARNATAKA,Tumkur,2678980,2112397,67.68960574547029,23.0048683391707,0,[],29.508829059309367,Tier-3,Low
KARNATAKA,Mandya,1805769,1429543,63.66534146947921,18.39491945609299,0,[],26.457570223280957,Rural,Low
KARNATAKA,Hassan,1776421,1399379,68.9732895524203,21.125916363133385,0,[],29.142353410979446,Tier-3,Low
KARNATAKA,Kodagu,554519,440278,74.4567814628534,14.927643749941307,0,[],28.308091938832543,Rural,Low
KARNATAKA,Mysore,3001127,2445336,65.38143837298455,41.30221871871546,0,[],36.13531899938155,Tier-2,Low
KARNATAKA,Chamarajanagar,1020791,813949,55.37656582003564,17.881705639614857,0,[],23.765652001856633,Rural,Low
KARNATAKA,Gulbarga,2566326,2175384,55.61912243417243,33.21677913757673,0,[],29.972448385282423,Tier-3,Low
KARNATAKA,Yadgir,1174271,1005673,43.43145662287496,20.992034069088767,0,[],21.426250614497995,Tier-3,Low
KARNATAKA,Kolar,1536401,1260879,66.14282339050807,31.624613439026483,0,[],32.49269239276301,Tier-3,Low
KARNATAKA,Chikkaballapura,1255104,1016750,62.4029562490439,22.956441511147126,0,[],27.903463479172018,Tier-3,Low
KARNATAKA,Bangalore Rural,990923,813918,69.50580418458347,29.225453498416353,0,[],32.54192265474158,Tier-3,Low
KARNATAKA,Ramanagara,1082636,856412,62.32547227322941,24.11536624747004,0,[],28.34378818095684,Tier-3,Low
KERALA,Kasaragod,1307375,1058646,79.35687924275744,39.77070643003315,0,[],39.71534634484049,Tier-3,Low
KERALA,Wayanad,817420,659396,78.97837097208289,4.2465861835762695,0,[],25.392145765055375,Rural,Low
KERALA,Palakkad,2809934,2197833,79.69909613535407,25.543053488546313,0,[],34.12695023602475,Tier-3,Low
KERALA,Idukki,1108974,846619,83.23098647939446,5.048820050771883,0,[],26.988823964127093,Rural,Low
KERALA,Kottayam,1974551,1407955,88.61751355118201,28.930298262506987,0,[],38.1573733703574,Tier-3,Low
KERALA,Pathanamthitta,1197412,825368,88.73746045638427,12.234159546569664,0,[],31.514901955543145,Rural,Low
MADHYA PRADESH,Sheopur,687861,605037,47.687686901859536,14.942046883674557,0,[],20.283124824027684,Rural,Low
MADHYA PRADESH,Morena,1965970,1706786,60.00523914403577,22.983892364913434,0,[],27.1951286891761,Tier-3,Low
MADHYA PRADESH,Bhind,1703005,1440412,64.29323460588783,24.578971957418883,0,[],29.119559164733904,Tier-3,Low
MADHYA PRADESH,Datia,786754,668228,62.46488737267304,21.290237130495353,0,[],27.255561064000055,Tier-3,Low
MADHYA PRADESH,Shivpuri,1726050,1495736,52.19118797253846,15.360385441928315,0,[],21.801510568532862,Rural,Low
MADHYA PRADESH,Tikamgarh,1445166,1242147,51.75460812114318,15.723566027488825,0,[],21.815808847338484,Rural,Low
MADHYA PRADESH,Chhatarpur,1762375,1506696,53.50921341939144,20.183599232985856,0,[],24.126203719011777,Tier-3,Low
MADHYA PRADESH,Panna,1016520,870382,54.35790737024357,11.137569525444496,0,[],20.762400021250873,Rural,Low
MADHYA PRADESH,Sagar,2378458,2039854,64.98828232409402,26.959269605727176,0,[],30.280192539519078,Tier-3,Low
MADHYA PRADESH,Damoh,1264219,1081522,59.1444203891889,17.981568041178587,0,[],24.935953333228106,Rural,Low
MADHYA PRADESH,Satna,2228935,1900733,61.54423525136444,19.8215637391407,0,[],26.391896071065613,Rural,Low
MADHYA PRADESH,Rewa,2365106,2000310,60.959508791572134,15.279617205073102,0,[],24.39969951950088,Rural,Low
MADHYA PRADESH,Umaria,644758,561170,55.318739744214106,17.829900158271155,0,[],23.727581986572694,Rural,Low
MADHYA PRADESH,Neemuch,826067,694398,61.59718279510016,28.060628331482224,0,[],29.703406171122936,Tier-3,Low
MADHYA PRADESH,Mandsaur,1340411,1127861,62.26381311403741,21.303814703256023,0,[],27.20066981551363,Tier-3,Low
MADHYA PRADESH,Ratlam,1455069,1240763,56.75882037209232,28.660191993409423,0,[],28.491722908991466,Tier-3,Low
MADHYA PRADESH,Ujjain,1986864,1665051,62.45973554304673,38.550288181199676,0,[],34.15803593539389,Tier-3,Low
MADHYA PRADESH,Shajapur,1512681,1270902,59.14082347831433,19.14005918139304,0,[],25.398270716051513,Rural,Low
MADHYA PRADESH,Dewas,1563715,1332602,59.17759949862986,26.86478249190844,0,[],28.499192846352333,Tier-3,Low
MADHYA PRADESH,Dhar,2185793,1910569,49.28819883676084,20.04296971953338,0,[],22.803647538841606,Tier-3,Low
MADHYA PRADESH,Khargone (West Nimar),1873046,1617114,52.654019175183095,16.650621627553715,0,[],22.456454403576416,Rural,Low
MADHYA PRADESH,Barwani,1385881,1226498,39.68060749804636,16.343769839943864,0,[],18.441690185391455,Rural,Low
MADHYA PRADESH,Rajgarh,1545814,1298448,52.0272814193687,17.381141450324485,0,[],22.560641005940404,Rural,Low
MADHYA PRADESH,Vidisha,1458875,1254929,59.1495501670808,22.270987144303138,0,[],26.653259907845495,Tier-3,Low
MADHYA PRADESH,Sehore,1311332,1123213,59.509109821158944,17.964671299905657,0,[],25.038601466309945,Rural,Low
MADHYA PRADESH,Raisen,1331597,1149258,61.59671432122481,22.854783198705608,0,[],27.620927575849684,Tier-3,Low
MADHYA PRADESH,Betul,1575362,1331547,59.654162027521295,21.56749432557316,0,[],26.523246338485656,Tier-3,Low
MADHYA PRADESH,Harda,570465,486656,61.80046102740746,22.02906771629577,0,[],27.351765394740546,Tier-3,Low
MADHYA PRADESH,Hoshangabad,1241350,1049000,65.3034196640754,33.52800923283745,0,[],33.0022295923576,Tier-3,Low
MADHYA PRADESH,Katni,1292042,1104996,61.20335097465872,20.880666760259118,0,[],26.713271996501263,Tier-3,Low
MADHYA PRADESH,Narsimhapur,1091854,909975,65.83160385912402,18.701316095559676,0,[],27.230007595961077,Rural,Low
MADHYA PRADESH,Dindori,704524,601372,53.754591752729496,4.290699971465572,0,[],17.84265751440508,Rural,Low
MADHYA PRADESH,Mandla,1054905,893347,57.347533664168814,11.755834059041057,0,[],21.906593722867065,Rural,Low
MADHYA PRADESH,Chhindwara,2090922,1767579,61.89604394616346,25.418092803604697,0,[],28.736050305290917,Tier-3,Low
MADHYA PRADESH,Seoni,1379131,1172959,62.66221265420037,12.426454636461772,0,[],23.769245650844816,Rural,Low
MADHYA PRADESH,Balaghat,1701698,1423378,67.43987476038639,15.03460637504858,0,[],26.24580497813535,Rural,Low
MADHYA PRADESH,Guna,1241519,1078326,52.67579473209834,25.367872739709206,0,[],25.949887515513183,Tier-3,Low
MADHYA PRADESH,Ashoknagar,845071,730182,55.51119373401762,17.962087829699964,0,[],23.83819325208527,Rural,Low
MADHYA PRADESH,Shahdol,1066063,914764,56.67526215617651,19.848339280812517,0,[],24.94191435917796,Rural,Low
MADHYA PRADESH,Anuppur,749237,638474,58.27194866243926,29.04247687915537,0,[],29.098575350393922,Tier-3,Low
MADHYA PRADESH,Sidhi,1127033,975216,53.306779836970165,9.360383430430998,0,[],19.736187323263447,Rural,Low
MADHYA PRADESH,Singrauli,1178273,1038914,49.65351832724674,20.392586791960323,0,[],23.053090214958154,Tier-3,Low
MADHYA PRADESH,Jhabua,1025048,904969,34.34775737331325,10.480803077275407,0,[],14.496648442904139,Rural,Low
MADHYA PRADESH,Alirajpur,728999,644176,28.77287897514263,9.740380527210885,0,[],12.528015903427143,Rural,Low
MADHYA PRADESH,Khandwa (East Nimar),1310061,1122547,55.845872825769185,19.27296042395955,0,[],24.462946017314575,Rural,Low
MADHYA PRADESH,Burhanpur,757847,651443,53.92632022030832,35.14929545962872,0,[],30.23761424994398,Tier-3,Low
MAHARASHTRA,Nandurbar,1648295,1401771,54.99676938897466,17.67157516320504,0,[],23.567660881974412,Rural,Low
MAHARASHTRA,Dhule,2050862,1681477,63.09132452597981,27.612662871839483,0,[],29.972462506529737,Tier-3,Low
MAHARASHTRA,Jalgaon,4229917,3432908,68.36734621506758,31.93441888615715,0,[],33.283971418983135,Tier-3,Low
MAHARASHTRA,Buldana,2586258,2109297,72.68702503771858,20.98169164176481,0,[],30.198784168021497,Tier-3,Low
MAHARASHTRA,Akola,1813906,1481969,77.80342531531403,38.8860352811685,0,[],38.89544170706161,Tier-3,Low
MAHARASHTRA,Washim,1197160,985344,72.66505730228207,16.90242590208133,0,[],28.56048755151715,Rural,Low
MAHARASHTRA,Amravati,2888445,2324139,77.96149831483721,34.905188567627896,0,[],37.35052492150232,Tier-3,Low
MAHARASHTRA,Wardha,1300774,1029767,78.37318396585418,30.927904009220384,0,[],35.88311679344441,Tier-3,Low
MAHARASHTRA,Bhandara,1200334,960098,74.9674673882436,20.362327379649734,0,[],30.635171168332974,Tier-3,Low
MAHARASHTRA,Gondiya,1322507,1076122,75.93479656440381,17.286004424149127,0,[],29.694840738980794,Rural,Low
MAHARASHTRA,Gadchiroli,1072942,894665,66.02081007174667,11.260428001450853,0,[],24.31041422210434,Rural,Low
MAHARASHTRA,Chandrapur,2204307,1793692,71.61502458595831,34.08008412996327,0,[],35.1165410277728,Tier-3,Low
MAHARASHTRA,Yavatmal,2772348,2282521,72.9552711275785,21.160534848872118,0,[],30.350795277822392,Tier-3,Low
MAHARASHTRA,Nanded,3361292,2817449,65.13641183211693,28.0598820468259,0,[],30.76487636836544,Tier-3,Low
MAHARASHTRA,Hingoli,1177345,974022,67.16323592489883,14.738948338250655,0,[],26.044550112769908,Rural,Low
MAHARASHTRA,Parbhani,1836086,1514835,63.058810970727954,31.30776918773801,0,[],31.44075096631359,Tier-3,Low
MAHARASHTRA,Jalna,1959046,1604940,61.02577479038267,19.506393811029575,0,[],26.110289961526632,Rural,Low
MAHARASHTRA,Aurangabad,3701282,3121767,67.64783121091557,43.645085647287594,1,['Audi India'],38.35238362218971,Tier-2,Low
MAHARASHTRA,Nashik,6107187,5147885,71.15167752354725,45.79401677240295,0,[],39.66310996602535,Tier-2,Low
MAHARASHTRA,Raigarh,2634200,2162493,73.64642016551515,39.32731891039678,0,[],37.82485361381326,Tier-3,Low
MAHARASHTRA,Ahmadnagar,4543159,3662805,69.37661657890469,21.309516972897168,1,['Kinetic Green (3-Wheeler)'],29.936791762830275,Tier-3,Low
MAHARASHTRA,Bid,2585049,2088497,66.4787011774245,19.39058449320112,0,[],27.699844150507797,Rural,Low
MAHARASHTRA,Latur,2454196,1990607,67.25917571375717,26.811376427517626,0,[],30.902303285134202,Tier-3,Low
MAHARASHTRA,Osmanabad,1657576,1310882,68.64300641418554,17.490730128766938,0,[],27.589193975762434,Rural,Low
MAHARASHTRA,Solapur,4317756,3492694,67.41177593175715,32.545572640761236,0,[],33.24176183583164,Tier-3,Low
MAHARASHTRA,Satara,3003741,2317816,74.09740054152472,20.60020236378119,0,[],30.46930110796989,Tier-3,Low
MAHARASHTRA,Ratnagiri,1615069,1216336,74.26258568519364,15.769470190596252,0,[],28.586563781796595,Rural,Low
MAHARASHTRA,Sindhudurg,849651,624320,78.39301077736623,13.19960332828692,0,[],28.797744564524635,Rural,Low
MAHARASHTRA,Kolhapur,3876001,3057344,72.90619894060914,32.46107482824761,0,[],34.856289613481785,Tier-3,Low
MAHARASHTRA,Sangli,2822143,2203210,72.62094798172878,26.56766701067036,0,[],32.41335119878678,Tier-3,Low
MANIPUR,Senapati,479148,425955,55.19735029677678,4.584023698348145,0,[],18.392814568372295,Rural,Low
MANIPUR,Tamenglong,140651,123563,60.43753688206981,14.657841357958793,0,[],23.99439760780446,Rural,Low
MANIPUR,Churachandpur,274143,236410,71.4718230996232,8.392563769995677,0,[],24.798572437885227,Rural,Low
MANIPUR,Bishnupur,237399,198127,65.85242566312411,37.70681579369178,0,[],34.83845401641395,Tier-3,Low
MANIPUR,Thoubal,422168,359171,63.79071838699285,36.735946596587475,0,[],33.83159415473284,Tier-3,Low
MANIPUR,Imphal East,456113,384969,71.18060656021645,41.932198195437216,0,[],38.12706124623982,Tier-3,Low
MANIPUR,Ukhrul,183998,157361,70.56000608702269,13.860109811410837,0,[],26.71204575067114,Rural,Low
MANIPUR,Chandel,144182,125579,62.630564148090606,11.074355971896956,0,[],23.218911633185964,Rural,Low
MEGHALAYA,West Garo Hills,643291,571233,55.76045677617129,11.772452435974548,0,[],21.437118007241207,Rural,Low
MEGHALAYA,East Garo Hills,317917,287166,60.439359958731366,15.519564514390428,0,[],24.339633793375583,Rural,Low
MEGHALAYA,South Garo Hills,142334,127687,57.654530892126964,9.366092374441894,0,[],21.042796217414846,Rural,Low
MEGHALAYA,West Khasi Hills,383461,348557,60.15683472373984,14.115527194683866,0,[],23.693261294995498,Rural,Low
MEGHALAYA,Ribhoi,258840,236288,60.214418173388964,9.001318184671396,0,[],21.664852725885247,Rural,Low
MEGHALAYA,Jaintia Hills,395124,364031,47.46029094663954,8.565763226107004,0,[],17.664392574434665,Rural,Low
MIZORAM,Mamit,86364,75996,69.69454865453199,19.798609446175977,0,[],28.827808374829985,Rural,Low
MIZORAM,Lawngtlai,117894,106026,53.31993146385736,19.339103645565906,0,[],23.73162089738357,Rural,Low
NAGALAND,Mon,250260,222373,47.80068728522337,14.532946572066951,0,[],20.153384814393792,Rural,Low
NAGALAND,Mokokchung,194622,164096,81.95065306080505,32.095951373059805,0,[],37.42357646746544,Rural,Low
NAGALAND,Zunheboto,140757,123976,73.09121393607423,16.198976173246496,0,[],28.406954650120866,Rural,Low
NAGALAND,Wokha,166343,147461,77.07447863751405,17.50626754376567,0,[],30.124850608760482,Rural,Low
NAGALAND,Phek,163418,146356,64.79885936677722,15.79072687129313,0,[],25.755948558550415,Rural,Low
NAGALAND,Tuensang,196596,177783,59.77283362835459,18.848846253564947,0,[],25.471388589932356,Rural,Low
NAGALAND,Longleng,50484,45180,59.14547183265986,16.192112043337517,0,[],24.220486367132963,Rural,Low
NAGALAND,Kiphire,74004,67654,55.71590724825685,21.11012695600827,0,[],25.158822956880364,Rural,Low
NAGALAND,Peren,95219,85990,65.32729812327372,16.777196523458418,0,[],26.309068046365482,Rural,Low
ORISSA,Bargarh,1481255,1197038,66.41550577044467,10.326585483298146,0,[],24.055285924452658,Rural,Low
ORISSA,Jharsuguda,579505,479633,70.03891252016807,41.74257559852359,0,[],37.70870399545986,Tier-3,Low
ORISSA,Sambalpur,1041099,852275,67.59117048426711,30.0473858539755,0,[],32.29630548687033,Tier-3,Low
ORISSA,Debagarh,312520,257851,63.29802892614873,7.442435043237004,0,[],21.96638269513942,Rural,Low
ORISSA,Sundargarh,2093437,1762156,64.12048702683673,37.237526332309706,0,[],34.1311566409749,Tier-3,Low
ORISSA,Kendujhar,1801733,1511798,58.41697965236803,14.568046554227946,0,[],23.352312517401586,Rural,Low
ORISSA,Mayurbhanj,2519738,2099864,54.34680113567363,8.556255465512368,0,[],19.726542526907036,Rural,Low
ORISSA,Baleshwar,2320529,1926403,69.8647592854905,12.059789875276845,0,[],25.78334373575789,Rural,Low
ORISSA,Bhadrak,1506337,1242289,72.635804604149,12.670693706698808,0,[],26.859018863924224,Rural,Low
ORISSA,Kendrapara,1440361,1145843,75.62444414976524,5.360952713448931,0,[],24.831714330309143,Rural,Low
ORISSA,Jagatsinghapur,1136971,895044,78.19258362790255,12.20388283455995,0,[],28.339328222194744,Rural,Low
ORISSA,Cuttack,2624470,2115391,76.64286503560719,26.669467301533473,0,[],33.66064643129555,Tier-3,Low
ORISSA,Jajapur,1827192,1489539,70.62503557371092,8.413365142782169,0,[],24.552856729226143,Rural,Low
ORISSA,Dhenkanal,1192811,967930,69.57598479557952,10.494396499124498,0,[],25.070554038323653,Rural,Low
ORISSA,Anugul,1273821,1056014,68.25574393890508,17.89178145962126,0,[],27.633435765520026,Rural,Low
ORISSA,Nayagarh,962789,764222,71.49666230087797,9.255932356225765,0,[],25.151371632753698,Rural,Low
ORISSA,Puri,1698730,1365564,76.05322799974098,15.226981342150545,0,[],28.90676093678251,Rural,Low
ORISSA,Ganjam,3529031,2904988,62.62483950976912,21.658390733055345,0,[],27.450808146152873,Tier-3,Low
ORISSA,Gajapati,577817,489430,45.436011747664054,13.16052413714351,0,[],18.89501317915662,Rural,Low
ORISSA,Kandhamal,733110,614096,54.53288046814257,10.08047420091794,0,[],20.39205382080995,Rural,Low
ORISSA,Baudh,441162,365038,61.56740607758601,4.767531206054192,0,[],20.377234305697478,Rural,Low
ORISSA,Subarnapur,610183,495321,65.2953294339567,8.56580293743734,0,[],23.014920005161944,Rural,Low
ORISSA,Balangir,1648997,1334037,56.23175785037814,11.539217978261918,0,[],21.48521454641821,Rural,Low
ORISSA,Nuapada,610382,496756,49.048464731921975,5.675498620455513,0,[],16.984738867758796,Rural,Low
ORISSA,Kalahandi,1576869,1295938,50.86256372596583,7.763952557665721,0,[],18.364350140856036,Rural,Low
ORISSA,Rayagada,967911,823335,42.125257384201646,17.17164314530201,0,[],19.506234473381298,Rural,Low
ORISSA,Nabarangapur,1220946,1042758,38.52578246703786,7.904068080716911,0,[],14.719361972398122,Rural,Low
ORISSA,Koraput,1379647,1167381,41.17647485190052,17.025479866471937,0,[],19.16313440215893,Rural,Low
ORISSA,Malkangiri,613192,528268,39.906913332202635,8.621130723970325,0,[],15.420526289248919,Rural,Low
PUNJAB,Gurdaspur,2298323,1872774,71.12659969899792,30.591013741283884,0,[],33.574385406212926,Tier-3,Low
PUNJAB,Kapurthala,815168,655655,70.72983728507498,36.66496939162261,0,[],35.88493894217154,Tier-3,Low
PUNJAB,Hoshiarpur,1586625,1254523,75.61326715512487,23.32671219830753,0,[],32.014665025860474,Tier-3,Low
PUNJAB,Shahid Bhagat Singh Nagar,612310,481902,71.6073557511718,20.895180759314364,0,[],29.840279029077287,Tier-3,Low
PUNJAB,Fatehgarh Sahib,600163,487799,70.98621541147988,32.7834827554661,0,[],34.409257725630404,Tier-3,Low
PUNJAB,Moga,995746,794234,63.057145095235136,25.70526177111972,0,[],29.19924823701843,Tier-3,Low
PUNJAB,Firozpur,2029074,1697229,60.49611793359927,30.627201974561597,0,[],30.399716169904423,Tier-3,Low
PUNJAB,Muktsar,901896,737795,58.19384940170485,33.302551336786266,0,[],30.779175355225963,Tier-3,Low
PUNJAB,Faridkot,617508,501502,61.745758759400694,37.086672164065895,0,[],33.35839649344656,Tier-3,Low
PUNJAB,Bathinda,1388525,1132634,60.84643776669487,38.67149065843552,0,[],33.722527593382665,Tier-3,Low
PUNJAB,Mansa,769751,620932,55.025586196055606,25.85990050359236,1,['Maruti Suzuki India'],27.451636060253627,Tier-3,Low
PUNJAB,Patiala,1895686,1559598,66.82493830729351,42.15366595215407,0,[],36.908947873049684,Tier-2,Low
PUNJAB,Tarn Taran,1119627,925520,59.498565147142756,16.63971793662557,0,[],24.505456718793056,Rural,Low
PUNJAB,Rupnagar,684627,550724,73.43137211941685,29.006847181826455,0,[],33.63215050855564,Tier-3,Low
PUNJAB,Sangrur,1655169,1339464,60.54227695177955,34.92373213585659,0,[],32.132175939876504,Tier-3,Low
PUNJAB,Barnala,595527,481020,60.42228144147956,34.58057768225562,0,[],31.958915505346116,Tier-3,Low
RAJASTHAN,Ganganagar,1969168,1670100,60.6013808877658,29.310124174804564,0,[],29.904463936251563,Tier-3,Low
RAJASTHAN,Hanumangarh,1774692,1511158,58.271294399253506,21.83693518672916,0,[],26.216162394467716,Tier-3,Low
RAJASTHAN,Bikaner,2363937,2061138,54.09623860534354,36.88039659130003,0,[],30.98103021812307,Tier-3,Low
RAJASTHAN,Churu,2039547,1751918,56.34922852966859,30.16766789567781,0,[],28.9718357171717,Tier-3,Low
RAJASTHAN,Jhunjhunun,2137045,1792904,64.12405915645202,23.103091690495983,0,[],28.478454423134,Tier-3,Low
RAJASTHAN,Alwar,3674179,3182721,59.40037216477477,21.39810562254524,1,['Ashok Leyland (EV Bus)'],26.979353898450526,Tier-3,Low
RAJASTHAN,Bharatpur,2548462,2205877,58.108341423179944,21.292030981688757,0,[],25.949314819629485,Tier-3,Low
RAJASTHAN,Dhaulpur,1206516,1064067,56.617400846735556,21.45146654177156,0,[],25.56580687072929,Tier-3,Low
RAJASTHAN,Karauli,1458248,1257861,55.26145072717398,16.277531528317162,0,[],23.08944782947906,Rural,Low
RAJASTHAN,Sawai Madhopur,1335551,1150934,55.53872521528568,20.169760642588468,0,[],24.72952182162109,Tier-3,Low
RAJASTHAN,Dausa,1634409,1405854,57.39389589753849,14.169443823776904,0,[],22.885946298772307,Rural,Low
RAJASTHAN,Sikar,2677333,2277815,61.7075649536311,25.257213452454824,0,[],28.61515486707126,Tier-3,Low
RAJASTHAN,Nagaur,3307743,2842466,53.16688751211929,19.768321338967777,0,[],23.857394789222898,Rural,Low
RAJASTHAN,Jodhpur,3687165,3196108,55.09739867893083,34.47985043576173,0,[],30.321159777983944,Tier-3,Low
RAJASTHAN,Jaisalmer,669919,589263,46.07318198170226,16.230843340510773,0,[],20.314291930714987,Rural,Low
RAJASTHAN,Barmer,2603751,2258751,45.63884949060029,9.3486193335059,0,[],17.431102580582447,Rural,Low
RAJASTHAN,Jalor,1828730,1567094,45.36383173021715,10.312397040764369,0,[],17.73410833537089,Rural,Low
RAJASTHAN,Sirohi,1036346,893691,46.008379440843115,22.59729892852739,0,[],22.841433403663892,Tier-3,Low
RAJASTHAN,Pali,2037573,1675419,53.28363695435697,21.41939002661184,0,[],24.552847096951826,Tier-3,Low
RAJASTHAN,Ajmer,2583052,2191028,59.10345591184382,40.17791638777413,0,[],33.8022033286628,Tier-2,Low
RAJASTHAN,Tonk,1421326,1214200,52.743635168849366,21.476832708988983,0,[],24.413823634250402,Tier-3,Low
RAJASTHAN,Bundi,1110906,954419,52.66368171564471,20.9213684682546,0,[],24.16765190199525,Tier-3,Low
RAJASTHAN,Bhilwara,2408523,2028930,52.15337366510513,21.581493756288097,0,[],24.278609602046778,Tier-3,Low
RAJASTHAN,Rajsamand,1156597,962264,53.53109164211908,16.69620100854308,0,[],22.737807896052956,Rural,Low
RAJASTHAN,Dungarpur,1388552,1186158,49.086458411352254,8.90245313421548,0,[],18.28691877709187,Rural,Low
RAJASTHAN,Banswara,1797485,1559243,46.13907765572453,9.167744577102392,0,[],17.508821127558313,Rural,Low
RAJASTHAN,Chittaurgarh,1544338,1278346,53.215358295917085,19.504535249411283,0,[],23.766421588539636,Rural,Low
RAJASTHAN,Baran,1222755,1048548,56.70040196114512,21.882954844696354,0,[],25.763302526222077,Tier-3,Low
RAJASTHAN,Jhalawar,1411129,1196656,52.42554011716859,17.5952779763071,0,[],22.765773225673417,Rural,Low
RAJASTHAN,Udaipur,3068420,2615723,51.57797824287418,21.547408802925663,0,[],24.09235699403252,Tier-3,Low
RAJASTHAN,Pratapgarh,867848,750788,46.26559028770015,10.367734383677513,0,[],18.02677083978105,Rural,Low
SIKKIM,West District,136435,116729,68.48096163008026,5.550813785796274,0,[],22.764614003342587,Rural,Low
SIKKIM,South District,146850,125300,72.68709567585972,20.77204946816632,0,[],30.114948490024446,Rural,Low
TAMIL NADU,Vellore,3936331,3212550,70.46988680575896,42.690607734806626,0,[],38.217209135650336,Tier-2,Low
TAMIL NADU,Tiruvannamalai,2464875,1985251,65.9998174349612,20.708062796850864,0,[],28.083170349228702,Tier-3,Low
TAMIL NADU,Viluppuram,3458873,2831355,63.48241175666178,16.4653876610904,0,[],25.630878591434694,Rural,Low
TAMIL NADU,Namakkal,1726601,1328318,68.11828557958671,40.977459186210325,0,[],36.82646934836014,Tier-2,Low
TAMIL NADU,Dindigul,2159775,1713540,68.61057286059891,37.80071810769373,0,[],35.70345910125717,Tier-3,Low
TAMIL NADU,Karur,1064493,822230,68.29955669036809,41.79772446189749,0,[],37.208956791869426,Tier-2,Low
TAMIL NADU,Perambalur,565223,449589,66.49110174214425,17.59300500551455,0,[],26.984532524849094,Rural,Low
TAMIL NADU,Ariyalur,754894,596587,63.66509735141622,11.924790681028957,0,[],23.86944547783645,Rural,Low
TAMIL NADU,Cuddalore,2605914,2129080,69.66005017817164,34.394210567271024,0,[],34.6556992803599,Tier-3,Low
TAMIL NADU,Nagapattinam,1616450,1291770,75.0414797859507,22.931200988913357,0,[],31.68492433135055,Tier-3,Low
TAMIL NADU,Thiruvarur,1264277,1004998,74.86262899665184,21.276939773971716,0,[],30.969564608584236,Tier-3,Low
TAMIL NADU,Thanjavur,2405890,1905112,74.44222304427883,36.40990108472308,0,[],36.89662734717288,Tier-3,Low
TAMIL NADU,Pudukkottai,1618345,1306281,68.62226533897284,20.68277834111533,0,[],28.859790938137984,Tier-3,Low
TAMIL NADU,Sivaganga,1339101,1057574,71.67077016595462,31.650667415238598,0,[],34.161498015881826,Tier-3,Low
TAMIL NADU,Ramanathapuram,1353445,1098086,72.32994321897085,30.380908783694714,0,[],33.85134647916914,Tier-3,Low
TAMIL NADU,Dharmapuri,1506843,1238514,60.902761601573616,18.672298668240675,0,[],25.739747947768354,Rural,Low
TAMIL NADU,Krishnagiri,1879809,1567657,63.195675730885426,24.55506941812795,1,['Ola Electric'],29.38073048651681,Tier-3,Low
TRIPURA,South Tripura,876001,742234,73.83667370242728,17.004888725636842,0,[],28.95295760098292,Rural,Low
TRIPURA,Dhalai,378230,327834,73.0288448827433,13.591492156711226,0,[],27.34525032750748,Rural,Low
TRIPURA,North Tripura,693947,593486,74.99160598720074,21.900000519154194,0,[],31.2574820038219,Tier-3,Low
UTTAR PRADESH,Saharanpur,3466382,2998425,59.92149739988264,31.95499967387808,0,[],30.758449089516027,Tier-3,Low
UTTAR PRADESH,Muzaffarnagar,4143512,3583378,58.34034027173084,30.53090684126411,0,[],29.714464818024894,Tier-3,Low
UTTAR PRADESH,Bijnor,3682713,3190881,57.984236078130444,24.726726786223356,0,[],27.28596153792848,Tier-3,Low
UTTAR PRADESH,Moradabad,4772006,4156756,47.44017505426439,33.92619255741872,0,[],27.802529539246805,Tier-3,Low
UTTAR PRADESH,Rampur,2335819,2067287,44.68094488485623,26.522059586067943,0,[],24.013107299884048,Tier-3,Low
UTTAR PRADESH,Jyotiba Phule Nagar,1840221,1618558,53.42347468048675,25.58543469495363,0,[],26.261216282127478,Tier-3,Low
UTTAR PRADESH,Meerut,3443689,2945592,62.18587102377712,52.53681469676782,0,[],39.67048718584026,Tier-2,Low
UTTAR PRADESH,Baghpat,1303048,1100416,61.23872643218055,22.145826873303253,0,[],27.229948678975468,Tier-3,Low
UTTAR PRADESH,Bulandshahr,3499171,3000203,58.0610664640282,25.182796505305788,0,[],27.491438541330773,Tier-3,Low
UTTAR PRADESH,Aligarh,3673889,3165697,56.957817723943215,32.158860870872516,0,[],29.950889665531975,Tier-3,Low
UTTAR PRADESH,Mahamaya Nagar,1564708,1350294,60.23948238265542,22.754823299815296,0,[],27.173774034722747,Tier-3,Low
UTTAR PRADESH,Mathura,2547184,2136424,59.19266138606398,30.37844487348152,0,[],29.909176365211806,Tier-3,Low
UTTAR PRADESH,Agra,4418797,3863158,60.66153299189803,45.01456590504999,0,[],36.20428625958941,Tier-2,Low
UTTAR PRADESH,Firozabad,2498156,2164884,60.91717250644075,34.67166509765246,0,[],32.14381779099321,Tier-3,Low
UTTAR PRADESH,Mainpuri,1868529,1595981,64.42955929503904,17.697649650584303,0,[],26.407927648745435,Rural,Low
UTTAR PRADESH,Budaun,3681896,3184459,42.02935118210835,18.057130738660987,0,[],19.8316576500969,Rural,Low
UTTAR PRADESH,Bareilly,4448359,3846198,49.271180675840235,36.48370744088712,0,[],29.37483717910692,Tier-3,Low
UTTAR PRADESH,Pilibhit,2031007,1770149,52.24477315932441,19.427815947463102,0,[],23.444558326782563,Rural,Low
UTTAR PRADESH,Shahjahanpur,3006538,2613474,49.589594410581206,20.566928701089918,0,[],23.10364980361033,Tier-3,Low
UTTAR PRADESH,Kheri,4021243,3479208,50.58246915195127,12.482118222603495,0,[],20.16758803462678,Rural,Low
UTTAR PRADESH,Sitapur,4483992,3863370,50.93080005495103,11.856295971251525,0,[],20.021758404985917,Rural,Low
UTTAR PRADESH,Hardoi,4092845,3503670,54.28011566526463,13.337784255853128,0,[],21.61914840192064,Rural,Low
UTTAR PRADESH,Unnao,3108367,2600557,57.05838467594078,16.872933383145885,0,[],23.866688756040585,Rural,Low
UTTAR PRADESH,Rae Bareli,3405559,2892590,57.72453215463306,9.428481869638164,0,[],21.088752394245184,Rural,Low
UTTAR PRADESH,Farrukhabad,1885204,1635737,57.96067693469779,23.048676760067075,0,[],26.607673784436166,Tier-3,Low
UTTAR PRADESH,Kannauj,1656616,1430944,61.3954591770211,18.04002515241819,0,[],25.634647814073606,Rural,Low
UTTAR PRADESH,Etawah,1581810,1341659,67.13846795759288,24.345391682757757,0,[],29.87969706038097,Tier-3,Low
UTTAR PRADESH,Auraiya,1379545,1177099,67.47413096346983,18.594602162444236,0,[],27.680080154018643,Rural,Low
UTTAR PRADESH,Kanpur Dehat,1796184,1516738,65.15162143744739,10.19676451428233,0,[],23.62419223694715,Rural,Low
UTTAR PRADESH,Jalaun,1689974,1412907,63.622043889432625,23.097918626914314,0,[],28.325780617595512,Tier-3,Low
UTTAR PRADESH,Jhansi,1998603,1682029,65.27124196251081,38.6840901303789,0,[],35.0550086409048,Tier-3,Low
UTTAR PRADESH,Lalitpur,1221592,1058631,52.48814661523651,14.517678708685628,0,[],21.553515468045205,Rural,Low
UTTAR PRADESH,Hamirpur,1104285,921142,59.16036168199332,17.759593552593124,0,[],24.85194592563525,Rural,Low
UTTAR PRADESH,Mahoba,875958,728461,55.72253464207188,19.65983721128096,0,[],24.580695277133948,Rural,Low
UTTAR PRADESH,Banda,1799410,1528959,55.73699156945888,15.162748948106591,0,[],22.7861970500803,Rural,Low
UTTAR PRADESH,Chitrakoot,991730,852274,53.55005898782935,10.207326848501918,0,[],20.14794843574957,Rural,Low
UTTAR PRADESH,Fatehpur,2632733,2228661,57.437119525603244,12.211801300782355,0,[],22.115856377993914,Rural,Low
UTTAR PRADESH,Pratapgarh,3209141,2706296,60.18928429757371,5.539555730313794,0,[],20.27260758139763,Rural,Low
UTTAR PRADESH,Kaushambi,1599596,1370500,50.851840089622634,8.082602070306342,0,[],18.488592855009326,Rural,Low
UTTAR PRADESH,Allahabad,5954391,5099628,61.56342437035123,21.248628430924978,0,[],26.96847868347536,Tier-3,Low
UTTAR PRADESH,Bara Banki,3260699,2752829,51.90476029832867,11.05988462851164,0,[],19.995381940903258,Rural,Low
UTTAR PRADESH,Faizabad,2470996,2077980,58.71725409510983,13.4462560161176,0,[],22.99367863497999,Rural,Low
UTTAR PRADESH,Ambedkar Nagar,2397888,2014723,62.010360784156724,11.47761167687393,0,[],23.19415290599659,Rural,Low
UTTAR PRADESH,Sultanpur,3797117,3205097,58.9895439092343,5.608074386147918,0,[],19.940092927229458,Rural,Low
UTTAR PRADESH,Bahraich,3487731,3030092,40.09391779354543,8.121147709605372,0,[],15.276634421905777,Rural,Low
UTTAR PRADESH,Shrawasti,1117361,968541,37.885070268248136,3.3054253441855765,0,[],12.687691218148672,Rural,Low
UTTAR PRADESH,Balrampur,2148665,1857552,40.413791819571685,8.022644996613119,0,[],15.333195544516753,Rural,Low
UTTAR PRADESH,Gonda,3433919,2957981,48.92351858037421,7.2681766367646325,0,[],17.584326228818114,Rural,Low
UTTAR PRADESH,Siddharthnagar,2559297,2194398,48.018108097653375,6.49409070461702,0,[],17.00306871114282,Rural,Low
UTTAR PRADESH,Basti,2464464,2093302,56.55521849781535,5.699738544103481,0,[],19.246460966985996,Rural,Low
UTTAR PRADESH,Sant Kabir Nagar,1715183,1460763,55.67621647369406,7.717995973318264,0,[],19.790063331435523,Rural,Low
UTTAR PRADESH,Mahrajganj,2684703,2289607,52.86037226464156,5.606024916032345,0,[],18.100521645805408,Rural,Low
UTTAR PRADESH,Gorakhpur,4440895,3747744,60.805941144746726,19.889015989435702,0,[],26.1973887391983,Rural,Low
UTTAR PRADESH,Kushinagar,3564544,3009619,54.84067527291009,5.448357468293807,0,[],18.63154556919055,Rural,Low
UTTAR PRADESH,Deoria,3100946,2611044,60.47312658782191,10.20390382541242,0,[],22.22349950651154,Rural,Low
UTTAR PRADESH,Azamgarh,4613913,3896119,60.077357332051996,8.279719761430757,0,[],21.3350951041879,Rural,Low
UTTAR PRADESH,Mau,2205968,1870081,61.788928941852284,21.996642511649334,0,[],27.33533568721542,Tier-3,Low
UTTAR PRADESH,Ballia,3239774,2700296,60.608857284489595,10.2408556979,0,[],22.278999464506878,Rural,Low
UTTAR PRADESH,Jaunpur,4494204,3753479,60.782220833767234,8.004807931099565,0,[],21.436589422569995,Rural,Low
UTTAR PRADESH,Ghazipur,3620268,3008723,60.70127957377741,8.07034819599811,0,[],21.43852315053247,Rural,Low
UTTAR PRADESH,Chandauli,1952756,1659695,60.15119144429719,12.841653632640066,0,[],23.182018886345183,Rural,Low
UTTAR PRADESH,Varanasi,3676841,3116527,65.37957447711229,41.86784166640179,0,[],36.3610090096944,Tier-2,Low
UTTAR PRADESH,Sant Ravidas Nagar (Bhadohi),1578213,1364037,57.669402038888286,13.548174264448157,0,[],22.72009031744575,Rural,Low
UTTAR PRADESH,Mirzapur,2496970,2142705,57.216666599919094,14.354786739456655,0,[],22.90691467575839,Rural,Low
UTTAR PRADESH,Sonbhadra,1862559,1622852,52.92224300008751,21.2666554540188,0,[],24.383335081633774,Tier-3,Low
UTTAR PRADESH,Etah,1774480,1533079,59.4654208556873,16.853815193110414,0,[],24.581152333950357,Rural,Low
UTTAR PRADESH,Kanshiram Nagar,1436719,1247572,50.45175848582778,21.089595140286974,0,[],23.57136560186312,Tier-3,Low
UTTARAKHAND,Uttarkashi,330086,278423,65.17271256581618,7.475517494575485,0,[],22.542020767575046,Rural,Low
UTTARAKHAND,Chamoli,391605,322897,71.6425990475096,12.292583449608244,0,[],26.40981309409618,Rural,Low
UTTARAKHAND,Rudraprayag,242285,196827,70.55038487731392,3.8016712331105587,0,[],22.685783956438396,Rural,Low
UTTARAKHAND,Tehri Garhwal,618931,507695,65.91914122898999,10.68967416101575,0,[],24.051612033103297,Rural,Low
UTTARAKHAND,Garhwal,687271,540948,72.00783970224263,11.622248484810182,0,[],26.251251304596863,Rural,Low
UTTARAKHAND,Pithoragarh,483439,390243,71.47747699296086,12.506251696889157,0,[],26.44574377664392,Rural,Low
UTTARAKHAND,Bageshwar,259898,208057,69.0590154599112,3.8834562760857163,0,[],22.271087148407645,Rural,Low
UTTARAKHAND,Almora,622506,492833,70.11932415109253,7.498808414373012,0,[],24.035320611076962,Rural,Low
UTTARAKHAND,Champawat,259648,217638,68.44882302193739,13.095541661141768,0,[],25.772863571037924,Rural,Low
UTTARAKHAND,Nainital,954605,805643,72.96211522043149,35.34987594713775,0,[],36.028584944984544,Tier-3,Low
UTTARAKHAND,Udham Singh Nagar,1648902,1434984,62.94121785284996,35.02950617254177,0,[],32.894167824871694,Tier-3,Low
UTTARAKHAND,Hardwar,1890422,1642505,62.3328547805728,38.15139412841104,0,[],33.96041408553626,Tier-3,Low
WEST BENGAL,Darjiling,1846823,1554509,71.23503443481049,41.55915977948161,0,[],37.994174242235786,Tier-2,Low
WEST BENGAL,Jalpaiguri,3872846,3294956,64.5205102397565,28.57620835137466,0,[],30.786636412476817,Tier-3,Low
WEST BENGAL,Koch Bihar,2819086,2367966,65.64198467162761,10.805694885749242,0,[],24.01487335578798,Rural,Low
WEST BENGAL,Uttar Dinajpur,3007134,2620892,49.53776585945289,12.112945711532284,0,[],19.70650804244878,Rural,Low
WEST BENGAL,Dakshin Dinajpur,1676276,1403265,64.64836339600399,15.200227319066602,0,[],25.474599946427837,Rural,Low
WEST BENGAL,Maldah,3988845,3466287,52.30667022659442,13.417991315917899,0,[],21.059197594345484,Rural,Low
WEST BENGAL,Murshidabad,7103807,6108158,57.09380899565543,18.947388314573978,0,[],24.707098024526218,Rural,Low
WEST BENGAL,Birbhum,3502404,2960714,61.62758493880204,13.935764890343814,0,[],24.062581437778135,Rural,Low
WEST BENGAL,Barddhaman,7717563,6414963,67.99047834141425,38.71920173704089,0,[],35.88482419724063,Tier-3,Low
WEST BENGAL,Nadia,5167600,4230814,67.35341357690223,30.223174907776695,0,[],32.295294036181346,Tier-3,Low
WEST BENGAL,Hugli,5519145,4454695,73.89528631699294,39.50841382943565,0,[],37.97195142687214,Tier-3,Low
WEST BENGAL,Bankura,3596674,2957099,62.08491511880143,9.167339116401049,0,[],22.292410182200847,Rural,Low
WEST BENGAL,Puruliya,2930115,2442833,55.455331957960695,13.211019169549806,0,[],21.92100725520813,Rural,Low
WEST BENGAL,South Twenty Four Parganas,8161961,6915417,67.77362695068011,28.044263179331374,0,[],31.549793356936583,Tier-3,Low
WEST BENGAL,Paschim Medinipur,5913457,4908221,68.96832089926417,12.843374432966245,0,[],25.827846042965746,Rural,Low
WEST BENGAL,Purba Medinipur,5095875,4250920,76.98764196531508,12.51780983242075,0,[],28.103416522562824,Rural,Low
